time,subj_course_id,sec_code,sec_id,prof,available,waitlist,total,enrolled_ct
1723965265057,AESE 279B,A00,494370,Wade; Jon P,0,0,33,33
1723965266078,AIP 97,001,660915,Van Den Einde; Yael Dahlia,9998,0,9999,1
1723965266078,AIP 97,002,696156,Rondina; Giacomo,9998,0,9999,1
1723965266078,AIP 97,003,722872,Ravits; John M.,9998,0,9999,1
1723965266078,AIP 97,004,729259,Schmidt; Thomas Rainer,9998,0,9999,1
1723965267115,AIP 197,001,627712,Vespa; Emanuel Ignacio,9987,0,9999,12
1723965267115,AIP 197,002,650778,Amir; On,9997,0,9999,2
1723965267115,AIP 197,003,650933,Avenancio-Leon; Carlos,9998,0,9999,1
1723965267115,AIP 197,004,658530,Heyman; Gail D.,9997,0,9999,2
1723965267115,AIP 197,005,658631,Neal; Sonya E,9998,0,9999,1
1723965267115,AIP 197,006,658671,Du; Songzi,9998,0,9999,1
1723965267115,AIP 197,007,662027,Eldon; John,9998,0,9999,1
1723965267115,AIP 197,008,662028,Antonovics; Kate L.,9998,0,9999,1
1723965267115,AIP 197,009,662029,Kousser; Thad,9998,0,9999,1
1723965267115,AIP 197,010,687877,Buti; Krisztina,9998,0,9999,1
1723965267115,AIP 197,011,687878,Burgasser; Adam Jonathan,9997,0,9999,2
1723965267115,AIP 197,012,687879,Dow; Steven P,9997,0,9999,2
1723965267115,AIP 197,013,688784,Fleischer; Jason G,9998,0,9999,1
1723965267115,AIP 197,014,689770,Ellis; Shannon Elizabeth,9997,0,9999,2
1723965267115,AIP 197,015,695267,Adida; Claire,9998,0,9999,1
1723965267115,AIP 197,016,695291,Vazquez Mena; Oscar,9998,0,9999,1
1723965267115,AIP 197,017,695416,Vaccaro; Kristen Marie,9998,0,9999,1
1723965267115,AIP 197,018,695417,Cosman; Pamela C.,9998,0,9999,1
1723965267115,AIP 197,019,695444,Tapert; Susan Frances,9998,0,9999,1
1723965267115,AIP 197,020,695445,Lindenberger; Wade Douglas,9996,0,9999,3
1723965267115,AIP 197,021,701716,Cheresh; David A.,9998,0,9999,1
1723965267115,AIP 197,022,707558,Sahoo; Debashis,9998,0,9999,1
1723965267115,AIP 197,023,707559,Powell; Alyssa,9998,0,9999,1
1723965267115,AIP 197,024,708245,Morris; Karcher William,9997,0,9999,2
1723965267115,AIP 197,025,708929,Geller; Emma Harlan,9998,0,9999,1
1723965267115,AIP 197,026,711507,Sun; Feiyang,9998,0,9999,1
1723965267115,AIP 197,027,711509,Klemmer; Scott R,9998,0,9999,1
1723965267115,AIP 197,028,711516,Hamilton; James D.,9998,0,9999,1
1723965267115,AIP 197,029,711517,Uang; Chia-Ming,9997,0,9999,2
1723965267115,AIP 197,030,711518,Tor; Yitzhak,9997,0,9999,2
1723965267115,AIP 197,031,722873,Ehrich; Kristine R,9999,0,9999,0
1723965267115,AIP 197,032,722874,Galton; Ian A,9998,0,9999,1
1723965267115,AIP 197,033,725723,Lee; Hyun Seok,9998,0,9999,1
1723965267115,AIP 197,034,725724,Chapman; Eddie Nathaniel,9998,0,9999,1
1723965267115,AIP 197,035,725725,Muller; P Keith,9998,0,9999,1
1723965267115,AIP 197,036,725726,Moore; Raeanne Christine,9999,0,9999,0
1723965267115,AIP 197,037,725758,Sarkar; Sutanu,9998,0,9999,1
1723965267115,AIP 197,038,725844,Dewaard; Andrew Michael,9998,0,9999,1
1723965267115,AIP 197,039,729253,Campbell; Robert Harold,9998,0,9999,1
1723965267115,AIP 197,040,729254,Root; Cory Matthew,9997,0,9999,2
1723965267115,AIP 197,041,729260,Hibbs; Ryan E.,9998,0,9999,1
1723965267115,AIP 197,042,729261,Fortunato; David,9999,0,9999,0
1723965267115,AIP 197,043,729262,Bandaru; Prabhakar,9998,0,9999,1
1723965267115,AIP 197,044,729263,Batarseh; Amanda Alicia,9998,0,9999,1
1723965267115,AIP 197,045,729264,Grigoryan; Aram,9998,0,9999,1
1723965267115,AIP 197,046,729852,Berg-Kirkpatrick; Taylor D,9998,0,9999,1
1723965267115,AIP 197,047,729916,Stalbaum; Brett,9998,0,9999,1
1723965267115,AIP 197,048,730339,Hill; Erin Truesdell,9998,0,9999,1
1723965267115,AIP 197,049,731434,Jin; Xin,9998,0,9999,1
1723965268135,ANAR 135S,A00,494369,Braswell; Geoffrey E.,0,0,0,24
1723965269155,BENG 196,001,628496,Engler; Adam J.,9990,0,9999,9
1723965269155,BENG 196,002,660916,Watson; John Thomas,9998,0,9999,1
1723965269155,BENG 196,003,710809,Kuester; Falko,9998,0,9999,1
1723965270176,BENG 295,001,687861,Watson; John Thomas,9998,0,9999,1
1723965271198,BISP 197,001,650773,Wilhelm; James E.,9984,0,9999,15
1723965271198,BISP 197,002,658904,Coleman; Aaron B.,9998,0,9999,1
1723965271198,BISP 197,003,662614,Juavinett; Ashley Lauren,9998,0,9999,1
1723965271198,BISP 197,004,695294,Wu; Chengbiao,9998,0,9999,1
1723965272218,CAT 124RS,A01,519847,Geibel; William,1,0,20,19
1723965273242,CAT 125RS,A01,515971,Geibel; William,1,0,20,19
1723965274263,CCS 197,001,729726,Werner; Bradley T.,9998,0,9999,1
1723965275290,CHEM 197,001,690058,Klosterman; Jeremy K,9996,0,9999,3
1723965276309,CLRE 250,A00,511389,Morris; Sheldon,9973,0,9999,26
1723965277331,CLRE 251,B00,511410,Mehta; Ravindra L.,24,0,55,31
1723965278353,CLRE 252,A00,507189,Cuomo; Raphael Eduardo,9973,0,9999,26
1723965279373,CLRE 253,A00,507199,Vaida; Florin,9977,0,9999,22
1723965279373,CLRE 253,B00,507202,Vaida; Florin,9999,0,9999,0
1723965280393,CLRE 259,A00,507211,Patel; Hemal,9992,0,9999,7
1723965281414,CLRE 260,A00,507221,Cuomo; Raphael Eduardo,9998,0,9999,1
1723965282437,CLRE 297,001,507242,Cuomo; Raphael Eduardo,9999,0,9999,0
1723965283464,COGS 197,001,638244,Voytek; Bradley Thomas,9997,0,9999,2
1723965283464,COGS 197,002,689728,Rossano; Federico,9998,0,9999,1
1723965283464,COGS 197,003,722870,Fleischer; Jason G,9998,0,9999,1
1723965283464,COGS 197,004,722871,Dow; Steven P,9996,0,9999,3
1723965283464,COGS 197,005,729921,Barrera; Steven James,9997,0,9999,2
1723965284486,CSE 191,A00,516875,Minnes Kemp; Mor Mia,9978,0,9999,21
1723965285508,CSE 197,001,637388,Minnes Kemp; Mor Mia,9981,0,9999,18
1723965286535,CSS 201S,A01,494383,Mignozzetti; Umberto,11,0,35,24
1723965287564,CSS 202S,A01,494387,Mignozzetti; Umberto,11,0,35,24
1723965288585,DSC 197,001,628532,Eldridge; Justin Matthew,9983,0,9999,16
1723965289606,DSC 297,001,704003,Mishne; Gal,9998,0,9999,1
1723965290627,EAP 100,A00,516065,Staff,9814,0,9999,185
1723965291656,ECE 45,A01,507414,Alcantara; Eldridge Escubido,25,0,60,35
1723965293704,ECE 111,A01,507420,Karna; Vishal,12,0,50,38
1723965294728,ECE 197,001,548057,Mercier; Patrick Philip,9986,0,9999,13
1723965294728,ECE 197,002,732089,Mercier; Patrick Philip,9998,0,9999,1
1723965295756,EDS 115,A00,507243,Choi; Bailey Miyeon,10,0,28,18
1723965296780,EDS 117,A01,494379,Gallagher-Geurtsen; Tricia Meghan,6,0,35,29
1723965297803,EDS 125,A00,507246,Drake; Kristy Nicole,6,0,30,24
1723965298827,EDS 128A,A01,507264,Fargason; Sharon Gayle,5,0,26,21
1723965299851,EDS 128B,A01,507293,Pappas; Elizabeth,9,0,30,21
1723965300875,EDS 139,A00,507294,Fargason; Sharon Gayle,9,0,30,21
1723965300875,EDS 139,B00,507313,Pappas; Elizabeth,10,0,30,20
1723965301898,EDS 201,A00,507315,Han; Melissa Galang,10,0,30,20
1723965302918,EDS 203,A01,507317,Halter; Christopher P.,10,0,30,20
1723965303939,EDS 204R,A01,507319,Halter; Christopher P.,0,0,30,30
1723965303939,EDS 204R,B01,507331,Heinzman; Erica M.,6,0,30,24
1723965304961,EDS 206R,A00,507332,Scharton; Susan Michelle,0,0,30,30
1723965304961,EDS 206R,B00,507343,Scharton; Susan Michelle,6,0,30,24
1723965305981,EDS 250,A00,507344,Hemans; Patricia Ann Benitez,20,0,40,20
1723965307053,EDS 281,A00,507345,Daly; Alan J.,3,0,18,15
1723965308074,EDS 284,A00,507350,Daly; Alan J.,1,0,16,15
1723965309096,EDS 286,A00,507359,Fine; Sarah,2,0,18,16
1723965310119,EDS 289C,A01,507361,Daly; Alan J.,8,0,18,10
1723965311143,EDS 290,A00,507366,Hofstetter; Carolyn,0,0,15,16
1723965312165,FPM 297,001,729721,Martin; Natasha,9998,0,9999,1
1723965313186,HDS 193,001,729252,Carver; Leslie J.,9998,0,9999,1
1723965320341,LISP 5A,A00,507541,Llop Jover; Susanna & Munoz Sanchez; Alicia,11,0,20,9
1723965321367,LISP 5B,A00,507671,Rosas; Leonardo & Munoz Sanchez; Alicia,10,0,28,18
1723965322390,LISP 5C,A00,507696,Rodriguez Aispuro; Alejandro & Munoz Sanchez; Alicia & Llop Jover; Susanna,10,0,28,18
1723965323418,MAE 197,001,528363,Boechler; Nicholas Sebastia,9998,0,9999,1
1723965323418,MAE 197,002,687899,Saha; Abhishek,9997,0,9999,2
1723965323418,MAE 197,003,687900,Gudem; Prasad S.S.,9998,0,9999,1
1723965323418,MAE 197,004,687901,Delson; Nathan Joseph,9998,0,9999,1
1723965323418,MAE 197,005,695293,Herbert; Sylvia Lee,9998,0,9999,1
1723965323418,MAE 197,006,729695,Cortes; Jorge,9998,0,9999,1
1723965323418,MAE 197,007,731721,Qi; Huihui,9997,0,9999,2
1723965325469,MATH 197,001,523477,Kedlaya; Kiran S.,9994,0,9999,5
1723965325469,MATH 197,002,563811,Zhang; Danna,9992,0,9999,7
1723965325469,MATH 197,003,628552,Dumitriu; Ioana,9998,0,9999,1
1723965325469,MATH 197,004,660885,Floyd; Eric,9999,0,9999,0
1723965325469,MATH 197,005,701715,Ramamoorthi; Ravi,9998,0,9999,1
1723965325469,MATH 197,006,708492,Xu; Zhouli,9998,0,9999,1
1723965325469,MATH 197,007,731798,Arias-Castro; Ery,9998,0,9999,1
1723965326497,MCWP 40R,A00,518780,Homenick; Erik Christopher,7,0,20,13
1723965326497,MCWP 40R,B00,518781,Carter; Jennifer A,2,0,20,18
1723965326497,MCWP 40R,C00,518783,Smith; Haydee Marie,7,0,20,13
1723965327519,MCWP 50R,A00,518791,Redela; Pamela Morgan,0,1,20,20
1723965327519,MCWP 50R,B00,518792,Krone; Jarret,3,1,20,17
1723965327519,MCWP 50R,C00,518793,Miller; Kellie Nicole,5,0,20,15
1723965327519,MCWP 50R,D00,518794,Morshed; Michael James,8,1,20,12
1723965327519,MCWP 50R,E00,518795,Carter; Andrea L,6,0,20,14
1723965327519,MCWP 50R,F00,518796,Miller; Elizabeth Deen,5,0,20,15
1723965327519,MCWP 50R,G00,518797,Guillen; Melinda,0,0,10,14
1723965327519,MCWP 50R,H00,722798,Compas; Sean Matthew,10,0,20,10
1723965328540,MMW 12R,A01,514034,Herbst; Matthew,7,2,16,9
1723965328540,MMW 12R,A02,514035,Herbst; Matthew,5,1,16,11
1723965329564,MMW 13R,A01,514037,Wood; Lauren Elizabeth,1,0,16,15
1723965329564,MMW 13R,A02,514039,Wood; Lauren Elizabeth,1,2,16,15
1723965329564,MMW 13R,A03,628519,Wood; Lauren Elizabeth,3,1,16,13
1723965329564,MMW 13R,A04,687895,Wood; Lauren Elizabeth,4,1,16,12
1723965330588,PHIL 191A,A00,729251,Grush; Rick Scott & Watkins; Eric,0,0,1,1
1723965331611,PSYC 196A,A01,730831,Heyman; Gail D.,0,0,1,1
1723965333666,SE 197,001,729717,Todd; Michael,9998,0,9999,1
1723965334688,SIO 295LS,A00,523233,Murray; Samantha J.,3,0,30,27
1723965335709,SIO 295S,A00,523232,Murray; Samantha J.,3,0,30,27
1723965336732,SIOC 290S,A01,637330,Merrifield; Mark A,6,0,30,24
1723965337756,SIOC 291S,A01,637333,Gabriel; Corey John,4,0,30,26
1723965338780,SOCI 117,A01,494376,Gallagher-Geurtsen; Tricia Meghan,2,2,5,3
1723965339799,WES 237B,A00,494380,Matai; Janarbek,10,0,20,10
